{"cameraMode":{"drawMode":0,"name":"Shaded","section":"Shading Mode"},"sceneLighting":true,"audioPlay":false,"sceneViewState":{"m_AlwaysRefresh":false,"showFog":true,"showSkybox":true,"showFlares":true,"showImageEffects":true,"showParticleSystems":true,"showVisualEffectGraphs":true,"m_FxEnabled":true},"in2DMode":false,"pivot":{"x":1020.3245849609375,"y":1221.2078857421875,"z":-54.491729736328128},"rotation":{"x":0.061147578060626987,"y":0.031152043491601945,"z":-0.0018508770735934377,"w":0.9977134466171265},"size":1250.6845703125,"orthographic":false}